{"cameraMode":{"drawMode":0,"name":"Shaded","section":"Shading Mode"},"sceneLighting":true,"audioPlay":false,"sceneViewState":{"showFog":true,"showMaterialUpdate":false,"showSkybox":true,"showFlares":true,"showImageEffects":true,"showParticleSystems":true},"in2DMode":false,"pivot":{"x":59.66190719604492,"y":739.379150390625,"z":311.36346435546877},"rotation":{"x":0.6299608945846558,"y":0.27487918734550478,"z":-0.25454181432724,"w":0.6802968978881836},"size":1794.8311767578125,"orthographic":true}