{"cameraMode":{"drawMode":0,"name":"Shaded","section":"Shading Mode"},"sceneLighting":true,"audioPlay":false,"sceneViewState":{"showFog":true,"showMaterialUpdate":false,"showSkybox":true,"showFlares":true,"showImageEffects":true,"showParticleSystems":true},"in2DMode":false,"pivot":{"x":10593.9541015625,"y":-13102.076171875,"z":9280.0712890625},"rotation":{"x":-0.3436563014984131,"y":-0.3733469843864441,"z":0.15124516189098359,"w":-0.8483185172080994},"size":21030.01953125,"orthographic":false}