{"cameraMode":{"drawMode":0,"name":"Shaded","section":"Shading Mode"},"sceneLighting":true,"audioPlay":false,"sceneViewState":{"showFog":true,"showMaterialUpdate":false,"showSkybox":true,"showFlares":true,"showImageEffects":true,"showParticleSystems":true},"in2DMode":false,"pivot":{"x":399.44232177734377,"y":250.48443603515626,"z":16.399253845214845},"rotation":{"x":0.05543850362300873,"y":0.03443991392850876,"z":-0.0019133684691041709,"w":0.9978673458099365},"size":726.8759155273438,"orthographic":true}