{"cameraMode":{"drawMode":0,"name":"Shaded","section":"Shading Mode"},"sceneLighting":true,"audioPlay":false,"sceneViewState":{"showFog":true,"showMaterialUpdate":false,"showSkybox":true,"showFlares":true,"showImageEffects":true,"showParticleSystems":true},"in2DMode":false,"pivot":{"x":820.0750122070313,"y":892.4010009765625,"z":-112.90205383300781},"rotation":{"x":0.08082997798919678,"y":0.04483624920248985,"z":-0.003651987062767148,"w":0.9957205057144165},"size":1323.4461669921875,"orthographic":true}