{"cameraMode":{"drawMode":0,"name":"Shaded","section":"Shading Mode"},"sceneLighting":false,"audioPlay":false,"sceneViewState":{"showFog":true,"showMaterialUpdate":false,"showSkybox":true,"showFlares":true,"showImageEffects":true,"showParticleSystems":true},"in2DMode":false,"pivot":{"x":-177.02853393554688,"y":734.0557861328125,"z":-1749.208984375},"rotation":{"x":0.30528441071510317,"y":0.45027202367782595,"z":-0.1671760529279709,"w":0.8222657442092896},"size":2348.4169921875,"orthographic":true}