{"cameraMode":{"drawMode":0,"name":"Shaded","section":"Shading Mode"},"sceneLighting":true,"audioPlay":false,"sceneViewState":{"showFog":true,"showMaterialUpdate":false,"showSkybox":true,"showFlares":true,"showImageEffects":true,"showParticleSystems":true},"in2DMode":false,"pivot":{"x":7.3653564453125,"y":191.55990600585938,"z":-27.20501708984375},"rotation":{"x":0.12829287350177766,"y":0.6973825097084045,"z":-0.12906506657600404,"w":0.6932106018066406},"size":1925.0670166015625,"orthographic":true}