{"cameraMode":{"drawMode":0,"name":"Shaded","section":"Shading Mode"},"sceneLighting":false,"audioPlay":false,"sceneViewState":{"showFog":true,"showMaterialUpdate":false,"showSkybox":true,"showFlares":true,"showImageEffects":true,"showParticleSystems":true},"in2DMode":false,"pivot":{"x":697.6631469726563,"y":937.029296875,"z":-621.8475952148438},"rotation":{"x":0.041977036744356158,"y":0.022478265687823297,"z":-0.000944643106777221,"w":0.9988653659820557},"size":2569.34912109375,"orthographic":false}