{"cameraMode":{"drawMode":0,"name":"Shaded","section":"Shading Mode"},"sceneLighting":false,"audioPlay":false,"sceneViewState":{"showFog":true,"showMaterialUpdate":false,"showSkybox":true,"showFlares":true,"showImageEffects":true,"showParticleSystems":true},"in2DMode":false,"pivot":{"x":793.3897705078125,"y":1331.6693115234375,"z":-592.89697265625},"rotation":{"x":0.041977036744356158,"y":0.022478265687823297,"z":-0.000944643106777221,"w":0.9988653659820557},"size":4452.00244140625,"orthographic":false}