{"cameraMode":{"drawMode":0,"name":"Shaded","section":"Shading Mode"},"sceneLighting":true,"audioPlay":false,"sceneViewState":{"showFog":true,"showMaterialUpdate":false,"showSkybox":true,"showFlares":true,"showImageEffects":true,"showParticleSystems":true},"in2DMode":false,"pivot":{"x":-207.25,"y":235.13262939453126,"z":83.1031265258789},"rotation":{"x":0.12829287350177766,"y":0.6973825097084045,"z":-0.12906506657600404,"w":0.6932106018066406},"size":687.6682739257813,"orthographic":true}