{"cameraMode":{"drawMode":0,"name":"Shaded","section":"Shading Mode"},"sceneLighting":true,"audioPlay":false,"sceneViewState":{"showFog":true,"showMaterialUpdate":false,"showSkybox":true,"showFlares":true,"showImageEffects":true,"showParticleSystems":true},"in2DMode":false,"pivot":{"x":580.349365234375,"y":1008.7164306640625,"z":-218.6726531982422},"rotation":{"x":0.08082997798919678,"y":0.04483624920248985,"z":-0.003651987062767148,"w":0.9957205057144165},"size":1791.82080078125,"orthographic":true}