{"cameraMode":{"drawMode":0,"name":"Shaded","section":"Shading Mode"},"sceneLighting":false,"audioPlay":false,"sceneViewState":{"showFog":true,"showMaterialUpdate":false,"showSkybox":true,"showFlares":true,"showImageEffects":true,"showParticleSystems":true},"in2DMode":false,"pivot":{"x":489.9278564453125,"y":857.8132934570313,"z":-304.79998779296877},"rotation":{"x":0.1775534451007843,"y":0.0020684944465756418,"z":-0.000373372167814523,"w":0.9841103553771973},"size":2234.14697265625,"orthographic":true}