{"cameraMode":{"drawMode":0,"name":"Shaded","section":"Shading Mode"},"sceneLighting":true,"audioPlay":false,"sceneViewState":{"showFog":true,"showMaterialUpdate":false,"showSkybox":true,"showFlares":true,"showImageEffects":true,"showParticleSystems":true},"in2DMode":false,"pivot":{"x":-7552.521484375,"y":3252.875,"z":-5141.28466796875},"rotation":{"x":0.10841279476881027,"y":0.4838777482509613,"z":-0.06055597588419914,"w":0.8662812113761902},"size":2617.728271484375,"orthographic":true}