{"cameraMode":{"drawMode":0,"name":"Shaded","section":"Shading Mode"},"sceneLighting":true,"audioPlay":false,"sceneViewState":{"showFog":true,"showMaterialUpdate":false,"showSkybox":true,"showFlares":true,"showImageEffects":true,"showParticleSystems":true},"in2DMode":false,"pivot":{"x":399.44232177734377,"y":250.48443603515626,"z":16.399253845214845},"rotation":{"x":-0.013410012237727642,"y":0.11523348093032837,"z":0.001553684938699007,"w":0.9932532906532288},"size":659.5735473632813,"orthographic":true}